<?xml version="1.0" encoding="UTF-8" standalone="yes"?>
<addon id="emulator.tools.32bitlibs"
       name="32bit Libs for RetroArch"
       version="7.0.2-j03"
       provider-name="JoKeRzBoX">
  <requires>
    <import addon="os.libreelec.tv" version="7.0"/>
    <import addon="xbmc.python" version="2.1.0"/>

  </requires>
  <extension point="xbmc.python.script" library="default.py">
    <provides></provides>
  </extension>
  <extension point="xbmc.addon.metadata">
    <summary>32 bits ARM libraries from S805 to run RetroArch on S905/S905X (64 bit)</summary>
    <description>
This addon just provides the 32 bits linux libraries required to run the 32 bit RetroArch binary and cores compiled for S805 devices on a S905/S905X 64 bits device.

You need to have a kernel which allows for running 32 bit binaries (most likely you already have one) and the RetroArch addon created by JoKeRzBoX which supports using these libraries. 
    </description>
    <disclaimer>
This is an unofficial addon. Please don't ask for support in LibreELEC/OpenELEC forums / irc channels
    </disclaimer>
    <platform>all</platform>
  </extension>
</addon>
