<?xml version="1.0" encoding="UTF-8" standalone="yes"?>
<addon 
  id="repository.jokerzbox_libreelec_s805" 
  name="JoKeRzBoX's LibreELEC extras S805"
  version="1.0.0" 
  provider-name="JoKeRzBoX">
	<extension point="xbmc.addon.repository" 
             name="JoKeRzBoX's LibreELEC extras S805">
    <info compressed="false">http://raw.github.com/JoKeRzBoX/JoKeRzBoX_LibreELEC_Repo_S805/master/addons.xml</info>
    <checksum>http://raw.github.com/JoKeRzBoX/JoKeRzBoX_LibreELEC_Repo_S805/master/addons.xml.md5</checksum>
    <datadir zip="true">http://raw.github.com/JoKeRzBoX/JoKeRzBoX_LibreELEC_Repo_S805/master/zips</datadir>
	</extension>
	<extension point="xbmc.addon.metadata">
		<summary>JoKeRzBoX's LibreELEC compilations for S805 based devices</summary>
		<description>Thie repository contains addons compiled / ported to devices based on Amlogic S805 ARM devices running LibreELEC (may also work with OpenELEC). There is no guarantee these addons will work so USE AT YOUR OWN RISK</description>
		<platform>all</platform>
	</extension>
</addon>
