<?xml version="1.0" encoding="UTF-8" standalone="yes"?>
<addon id="emulator.tools.retroarch"
       name="RetroArch"
       version="7.0.2-j01"
       provider-name="libreelec.tv">
  <requires>
    <import addon="os.libreelec.tv" version="7.0"/>
    <import addon="xbmc.python" version="2.1.0"/>

  </requires>
  <extension point="xbmc.python.script" library="default.py">
    <provides></provides>
  </extension>
  <extension point="xbmc.addon.metadata">
    <summary>Retroarch addon.</summary>
    <description>
Retroarch addon.
    </description>
    <disclaimer>
this is an unofficial addon. please don't ask for support in openelec forum / irc channel
    </disclaimer>
    <platform>all</platform>
  </extension>
</addon>
