<?xml version="1.0" encoding="UTF-8" standalone="yes"?>
<addon id="emulator.tools.retroarch"
       name="RetroArch"
       version="7.0.2-j03"
       provider-name="libreelec.tv">
  <requires>
    <import addon="os.libreelec.tv" version="7.0"/>
    <import addon="xbmc.python" version="2.1.0"/>

  </requires>
  <extension point="xbmc.python.pluginsource" library="default.py">
    <provides>executable</provides>
  </extension>
  <extension point="xbmc.addon.metadata">
    <summary>RetroArch addon. Provides RetroArch binary and core libraries compiled for this platform plus settings to help configure and launch it</summary>
    <description>
RetroArch addon. Provides RetroArch binary and core libraries compiled for this platform plus settings to help configure and launch it
    </description>
    <disclaimer>
this is an unofficial addon. please don't ask for support in openelec forum / irc channel
    </disclaimer>
    <platform>all</platform>
  </extension>
</addon>

