<settings>
    <setting id="core_10_folder" value="" />
    <setting id="core_10_lib" value="" />
    <setting id="core_11_folder" value="" />
    <setting id="core_11_lib" value="" />
    <setting id="core_12_folder" value="" />
    <setting id="core_12_lib" value="" />
    <setting id="core_13_folder" value="" />
    <setting id="core_13_lib" value="" />
    <setting id="core_14_folder" value="" />
    <setting id="core_14_lib" value="" />
    <setting id="core_15_folder" value="" />
    <setting id="core_15_lib" value="" />
    <setting id="core_1_folder" value="" />
    <setting id="core_1_lib" value="" />
    <setting id="core_2_folder" value="" />
    <setting id="core_2_lib" value="" />
    <setting id="core_3_folder" value="" />
    <setting id="core_3_lib" value="" />
    <setting id="core_4_folder" value="" />
    <setting id="core_4_lib" value="" />
    <setting id="core_5_folder" value="" />
    <setting id="core_5_lib" value="" />
    <setting id="core_6_folder" value="" />
    <setting id="core_6_lib" value="" />
    <setting id="core_7_folder" value="" />
    <setting id="core_7_lib" value="" />
    <setting id="core_8_folder" value="" />
    <setting id="core_8_lib" value="" />
    <setting id="core_9_folder" value="" />
    <setting id="core_9_lib" value="" />
    <setting id="force_32bit_libs" value="false" />
    <setting id="launch_method" value="1" />
    <setting id="retroarch_audio_device" value="hw:0,1" />
    <setting id="retroarch_audio_driver" value="alsathread" />
    <setting id="retroarch_audio_out_rate" value="48000" />
    <setting id="retroarch_fps_show" value="false" />
    <setting id="retroarch_menu_driver" value="xmb" />
    <setting id="retroarch_rewind_enable" value="false" />
    <setting id="retroarch_screenshots_folder" value="/storage/emulators/retroarch/screenshots" />
    <setting id="retroarch_system_folder" value="/storage/emulators/retroarch/system" />
    <setting id="retroarch_video_threaded" value="true" />
    <setting id="simple_launcher_enabled" value="true" />
</settings>
